{"cameraMode":{"drawMode":0,"name":"Shaded","section":"Shading Mode"},"sceneLighting":true,"audioPlay":false,"sceneViewState":{"showFog":true,"showMaterialUpdate":false,"showSkybox":true,"showFlares":true,"showImageEffects":true,"showParticleSystems":true,"showVisualEffectGraphs":true,"m_FxEnabled":true},"in2DMode":false,"pivot":{"x":0.7274930477142334,"y":0.8330330848693848,"z":0.08460070192813873},"rotation":{"x":-0.34320908784866335,"y":0.5607431530952454,"z":-0.2742007374763489,"w":-0.7018536925315857},"size":0.3920486569404602,"orthographic":false}